Layers,Accuracy
conv1_1,0.626666666667
conv1_2,0.650666666667
conv2_1,0.662666666667
conv2_2,0.706666666667
conv3_1,0.753333333333
conv3_2,0.782
conv3_3,0.783333333333
conv4_1,0.824666666667
conv4_2,0.834
conv4_3,0.844
conv5_1,0.912666666667
conv5_2,0.916666666667
conv5_3,0.928
fc6,0.944
fc7,0.924666666667
