Layers,Correlation
conv1_1,0.0972615156807
conv1_2,0.106960278716
conv2_1,0.16933693992
conv2_2,0.218294205067
conv3_1,0.274396021821
conv3_2,0.312698492477
conv3_3,0.324886222369
conv4_1,0.356069966171
conv4_2,0.365420064809
conv4_3,0.381334772798
conv5_1,0.403045667712
conv5_2,0.430323619311
conv5_3,0.402626332808
fc6,0.383794787699
fc7,0.412453453368
