Layers,Accuracy
conv1_1,0.630666666667
conv1_2,0.644
conv2_1,0.672
conv2_2,0.698666666667
conv3_1,0.754666666667
conv3_2,0.776666666667
conv3_3,0.799333333333
conv4_1,0.825333333333
conv4_2,0.845333333333
conv4_3,0.862
conv5_1,0.898666666667
conv5_2,0.914
conv5_3,0.928666666667
fc6,0.943333333333
fc7,0.936
