Layers,Correlation
conv1_1,0.0566439321303
conv1_2,0.117663554621
conv2_1,0.119096239987
conv2_2,0.2088623956
conv3_1,0.262374559892
conv3_2,0.295131274042
conv3_3,0.30436527507
conv4_1,0.362713996506
conv4_2,0.368601158531
conv4_3,0.379904803957
conv5_1,0.428800037071
conv5_2,0.429444308317
conv5_3,0.416551123171
fc6,0.371156703331
fc7,0.359219842982
