Layers,Correlation
conv1_1,0.0788787694459
conv1_2,0.111084795525
conv2_1,0.126257926317
conv2_2,0.231723466301
conv3_1,0.275048414193
conv3_2,0.308057857496
conv3_3,0.274831831873
conv4_1,0.331581825765
conv4_2,0.344021959467
conv4_3,0.377051090456
conv5_1,0.410308604997
conv5_2,0.443337805321
conv5_3,0.418541042575
fc6,0.386554430899
fc7,0.417691897795
