Layers,Accuracy
conv1_1,0.627333333333
conv1_2,0.653333333333
conv2_1,0.674666666667
conv2_2,0.716
conv3_1,0.76
conv3_2,0.765333333333
conv3_3,0.779333333333
conv4_1,0.828
conv4_2,0.856
conv4_3,0.858
conv5_1,0.903333333333
conv5_2,0.916666666667
conv5_3,0.928
fc6,0.942
fc7,0.926
